{"cameraMode":{"drawMode":0,"name":"Shaded","section":"Shading Mode"},"sceneLighting":true,"audioPlay":false,"sceneViewState":{"m_AlwaysRefresh":false,"showFog":true,"showSkybox":true,"showFlares":true,"showImageEffects":true,"showParticleSystems":true,"showVisualEffectGraphs":true,"m_FxEnabled":true},"in2DMode":false,"pivot":{"x":6.133510112762451,"y":5.781895637512207,"z":1.3351891040802003},"rotation":{"x":0.04822525754570961,"y":-0.05359840765595436,"z":0.002574019832536578,"w":0.9974753856658936},"size":7.361644268035889,"orthographic":false}